{"cameraMode":{"drawMode":31,"name":"Sprite Mask","section":"Miscellaneous"},"sceneLighting":true,"audioPlay":false,"sceneViewState":{"m_AlwaysRefresh":false,"showFog":true,"showSkybox":true,"showFlares":true,"showImageEffects":true,"showParticleSystems":true,"showVisualEffectGraphs":true,"m_FxEnabled":true},"in2DMode":false,"pivot":{"x":2.3988072872161867,"y":2.396019458770752,"z":1.0291852951049805},"rotation":{"x":-0.1629299372434616,"y":-0.042316239327192309,"z":0.006993787828832865,"w":-0.9857185482978821},"size":6.328232765197754,"orthographic":false}